{"IcoMoonType":"selection","icons":[{"icon":{"paths":["M992 384h-352v-352c0-17.672-14.328-32-32-32h-192c-17.672 0-32 14.328-32 32v352h-352c-17.672 0-32 14.328-32 32v192c0 17.672 14.328 32 32 32h352v352c0 17.672 14.328 32 32 32h192c17.672 0 32-14.328 32-32v-352h352c17.672 0 32-14.328 32-32v-192c0-17.672-14.328-32-32-32z"],"tags":["plus","add","sum"],"defaultCode":59914,"grid":16,"attrs":[]},"attrs":[],"properties":{"ligatures":"plus, add","name":"plus","order":7,"id":267,"prevSize":32,"code":59914},"setIdx":0,"setId":1,"iconIdx":266},{"icon":{"paths":["M0 416v192c0 17.672 14.328 32 32 32h960c17.672 0 32-14.328 32-32v-192c0-17.672-14.328-32-32-32h-960c-17.672 0-32 14.328-32 32z"],"tags":["minus","subtract","minimize","line"],"defaultCode":59915,"grid":16,"attrs":[]},"attrs":[],"properties":{"ligatures":"minus, subtract","name":"minus","order":8,"id":268,"prevSize":32,"code":59915},"setIdx":0,"setId":1,"iconIdx":267},{"icon":{"paths":["M192 128l640 384-640 384z"],"tags":["play","player"],"defaultCode":59932,"grid":16,"attrs":[]},"attrs":[],"properties":{"ligatures":"play3, player8","name":"play3","order":4,"id":285,"prevSize":32,"code":59932},"setIdx":0,"setId":1,"iconIdx":284},{"icon":{"paths":["M992 512l-480-480v288h-512v384h512v288z"],"tags":["arrow-right","right","next"],"defaultCode":59956,"grid":16,"attrs":[]},"attrs":[],"properties":{"ligatures":"arrow-right, right3","name":"arrow-right","order":2,"id":309,"prevSize":32,"code":59956},"setIdx":0,"setId":1,"iconIdx":308},{"icon":{"paths":["M512 992l480-480h-288v-512h-384v512h-288z"],"tags":["arrow-down","down","download","bottom"],"defaultCode":59958,"grid":16,"attrs":[]},"attrs":[],"properties":{"ligatures":"arrow-down, down","name":"arrow-down","order":3,"id":311,"prevSize":32,"code":59958},"setIdx":0,"setId":1,"iconIdx":310},{"icon":{"paths":["M621.254 877.254l320-320c24.994-24.992 24.994-65.516 0-90.51l-320-320c-24.994-24.992-65.516-24.992-90.51 0-24.994 24.994-24.994 65.516 0 90.51l210.746 210.746h-613.49c-35.346 0-64 28.654-64 64s28.654 64 64 64h613.49l-210.746 210.746c-12.496 12.496-18.744 28.876-18.744 45.254s6.248 32.758 18.744 45.254c24.994 24.994 65.516 24.994 90.51 0z"],"tags":["arrow-right","right","next"],"defaultCode":59964,"grid":16,"attrs":[]},"attrs":[],"properties":{"ligatures":"arrow-right2, right4","name":"arrow-right2","order":5,"id":317,"prevSize":32,"code":59964},"setIdx":0,"setId":1,"iconIdx":316},{"icon":{"paths":["M877.254 621.254l-320 320c-24.992 24.994-65.514 24.994-90.508 0l-320-320c-24.994-24.994-24.994-65.516 0-90.51 24.994-24.996 65.516-24.996 90.51 0l210.744 210.746v-613.49c0-35.346 28.654-64 64-64s64 28.654 64 64v613.49l210.746-210.746c12.496-12.496 28.876-18.744 45.254-18.744s32.758 6.248 45.254 18.746c24.994 24.994 24.994 65.514 0 90.508z"],"tags":["arrow-down","down","download","bottom"],"defaultCode":59966,"grid":16,"attrs":[]},"attrs":[],"properties":{"ligatures":"arrow-down2, down2","name":"arrow-down2","order":6,"id":319,"prevSize":32,"code":59966},"setIdx":0,"setId":1,"iconIdx":318}],"height":1024,"metadata":{"name":"icomoon"},"preferences":{"showGlyphs":true,"showQuickUse":true,"showQuickUse2":true,"showSVGs":true,"fontPref":{"prefix":"icon-","metadata":{"fontFamily":"icomoon"},"metrics":{"emSize":1024,"baseline":6.25,"whitespace":50},"embed":false},"imagePref":{"prefix":"icon-","png":true,"useClassSelector":true,"color":0,"bgColor":16777215,"classSelector":".icon"},"historySize":50,"showCodes":true,"gridSize":16}}